artDate,sentiment_class,size
2023-03-21,正向,10
2023-03-21,負向,19
2023-03-22,正向,15
2023-03-22,負向,17
2023-03-23,正向,10
2023-03-23,負向,19
2023-03-24,正向,15
2023-03-24,負向,23
2023-03-25,正向,7
2023-03-25,負向,10
2023-03-26,負向,9
2023-03-26,正向,2
2023-03-27,正向,5
2023-03-27,負向,5
2023-03-28,正向,3
2023-03-28,負向,7
2023-03-29,正向,10
2023-03-29,負向,6
2023-03-30,正向,2
2023-03-30,負向,10
2023-03-31,負向,12
2023-03-31,正向,5
2023-04-01,正向,4
2023-04-01,負向,7
2023-04-02,正向,2
2023-04-02,負向,3
2023-04-03,正向,6
2023-04-03,負向,6
2023-04-04,正向,2
2023-04-04,負向,5
2023-04-05,負向,5
2023-04-05,正向,6
2023-04-06,正向,3
2023-04-06,負向,15
2023-04-07,正向,7
2023-04-07,負向,5
2023-04-08,正向,4
2023-04-08,負向,5
2023-04-09,負向,3
2023-04-09,正向,2
2023-04-10,負向,9
2023-04-10,正向,3
2023-04-11,正向,3
2023-04-11,負向,12
2023-04-12,正向,4
2023-04-12,負向,8
2023-04-13,正向,4
2023-04-13,負向,8
2023-04-14,正向,2
2023-04-14,負向,6
2023-04-15,負向,5
2023-04-15,正向,2
2023-04-16,正向,4
2023-04-16,負向,18
2023-04-17,正向,7
2023-04-17,負向,6
2023-04-18,正向,4
2023-04-18,負向,12
2023-04-19,正向,5
2023-04-19,負向,19
2023-04-20,負向,11
2023-04-20,正向,5
2023-04-21,正向,8
2023-04-21,負向,11
2023-04-22,正向,3
2023-04-22,負向,7
2023-04-23,正向,4
2023-04-23,負向,11
2023-04-24,負向,11
2023-04-24,正向,5
2023-04-25,負向,22
2023-04-25,正向,6
2023-04-26,正向,2
2023-04-26,負向,12
2023-04-27,正向,2
2023-04-27,負向,8
2023-04-28,負向,7
2023-04-29,正向,3
2023-04-29,負向,3
2023-04-30,負向,5
2023-04-30,正向,4
2023-05-01,負向,14
2023-05-01,正向,6
2023-05-02,正向,6
2023-05-02,負向,12
2023-05-03,正向,8
2023-05-03,負向,5
2023-05-04,正向,8
2023-05-04,負向,7
2023-05-05,正向,10
2023-05-05,負向,13
2023-05-06,負向,11
2023-05-06,正向,8
2023-05-07,正向,2
2023-05-07,負向,13
2023-05-08,正向,4
2023-05-08,負向,9
2023-05-09,正向,2
2023-05-09,負向,7
2023-05-10,負向,3
2023-05-11,正向,1
2023-05-11,負向,5
2023-05-12,負向,5
2023-05-12,正向,5
2023-05-13,正向,3
2023-05-13,負向,16
2023-05-14,正向,4
2023-05-14,負向,4
2023-05-15,正向,5
2023-05-15,負向,7
2023-05-16,正向,4
2023-05-16,負向,7
2023-05-17,負向,1
2023-05-17,正向,4
2023-05-18,正向,3
2023-05-18,負向,9
2023-05-19,正向,1
2023-05-19,負向,2
2023-05-20,正向,2
2023-05-20,負向,6
2023-05-21,正向,1
2023-05-21,負向,2
2023-05-22,負向,4
2023-05-23,負向,2
2023-05-23,正向,2
2023-05-24,正向,1
2023-05-24,負向,3
2023-05-25,正向,4
2023-05-25,負向,5
2023-05-26,正向,2
2023-05-26,負向,4
2023-05-27,正向,5
2023-05-27,負向,5
2023-05-28,負向,8
2023-05-28,正向,8
2023-05-29,正向,7
2023-05-29,負向,24
2023-05-30,正向,8
2023-05-30,負向,14
2023-05-31,正向,6
2023-05-31,負向,10
2023-06-01,正向,4
2023-06-01,負向,7
2023-06-02,負向,5
2023-06-03,負向,2
2023-06-03,正向,8
2023-06-04,正向,8
2023-06-04,負向,4
2023-06-05,正向,4
2023-06-05,負向,2
2023-06-06,負向,9
2023-06-07,正向,9
2023-06-07,負向,14
2023-06-08,負向,12
2023-06-08,正向,3
2023-06-09,正向,5
2023-06-09,負向,5
2023-06-10,正向,4
2023-06-10,負向,6
2023-06-11,正向,6
2023-06-11,負向,9
2023-06-12,負向,18
2023-06-12,正向,8
2023-06-13,負向,3
2023-06-14,負向,2
2023-06-14,正向,3
2023-06-15,正向,8
2023-06-15,負向,10
2023-06-16,正向,1
2023-06-16,負向,4
2023-06-17,正向,12
2023-06-17,負向,11
2023-06-18,負向,8
2023-06-18,正向,6
2023-06-19,負向,3
2023-06-20,正向,3
2023-06-20,負向,11
2023-06-21,正向,5
2023-06-21,負向,3
2023-06-22,正向,6
2023-06-22,負向,8
2023-06-23,正向,4
2023-06-23,負向,5
2023-06-24,負向,7
2023-06-24,正向,2
2023-06-25,正向,9
2023-06-25,負向,16
2023-06-26,正向,7
2023-06-26,負向,12
2023-06-27,正向,3
2023-06-27,負向,4
2023-06-28,負向,4
2023-06-29,負向,7
2023-06-30,負向,3
2023-06-30,正向,5
2023-07-01,正向,2
2023-07-01,負向,4
2023-07-02,負向,5
2023-07-03,正向,7
2023-07-03,負向,5
2023-07-04,正向,6
2023-07-04,負向,6
2023-07-05,正向,6
2023-07-05,負向,4
2023-07-06,負向,21
2023-07-06,正向,8
2023-07-07,正向,7
2023-07-07,負向,19
2023-07-08,正向,5
2023-07-08,負向,7
2023-07-09,正向,11
2023-07-09,負向,9
2023-07-10,正向,6
2023-07-10,負向,4
2023-07-11,負向,5
2023-07-11,正向,5
2023-07-12,正向,1
2023-07-12,負向,8
2023-07-13,正向,4
2023-07-13,負向,3
2023-07-14,正向,3
2023-07-14,負向,6
2023-07-15,正向,6
2023-07-15,負向,5
2023-07-16,負向,8
2023-07-16,正向,5
2023-07-17,正向,2
2023-07-17,負向,10
2023-07-18,正向,6
2023-07-18,負向,3
2023-07-19,正向,3
2023-07-19,負向,7
2023-07-20,正向,3
2023-07-20,負向,2
2023-07-21,負向,5
2023-07-21,正向,3
2023-07-22,正向,4
2023-07-22,負向,10
2023-07-23,正向,2
2023-07-23,負向,7
2023-07-24,正向,6
2023-07-24,負向,11
2023-07-25,正向,2
2023-07-25,負向,5
2023-07-26,負向,3
2023-07-26,正向,3
2023-07-27,負向,2
2023-07-27,正向,3
2023-07-28,正向,6
2023-07-28,負向,7
2023-07-29,正向,3
2023-07-29,負向,3
2023-07-30,正向,1
2023-07-30,負向,7
2023-07-31,正向,3
2023-07-31,負向,2
2023-08-01,負向,4
2023-08-01,正向,7
2023-08-02,正向,2
2023-08-02,負向,1
2023-08-03,正向,3
2023-08-03,負向,13
2023-08-04,正向,6
2023-08-04,負向,5
2023-08-05,負向,6
2023-08-05,正向,2
2023-08-06,負向,2
2023-08-06,正向,6
2023-08-07,正向,7
2023-08-07,負向,2
2023-08-08,正向,7
2023-08-08,負向,17
2023-08-09,正向,10
2023-08-09,負向,34
2023-08-10,正向,16
2023-08-10,負向,50
2023-08-11,負向,41
2023-08-11,正向,11
2023-08-12,正向,52
2023-08-12,負向,88
2023-08-13,正向,27
2023-08-13,負向,66
2023-08-14,正向,23
2023-08-14,負向,62
2023-08-15,正向,12
2023-08-15,負向,34
2023-08-16,負向,27
2023-08-16,正向,9
2023-08-17,正向,1
2023-09-06,正向,4
2023-09-06,負向,4
2023-09-07,正向,5
2023-09-07,負向,9
2023-09-08,正向,7
2023-09-08,負向,2
2023-09-09,負向,5
2023-09-09,正向,4
2023-09-10,正向,7
2023-09-10,負向,5
2023-09-11,正向,5
2023-09-11,負向,5
2023-09-12,正向,3
2023-09-12,負向,8
2023-09-13,負向,5
2023-09-14,負向,3
2023-09-14,正向,3
2023-09-15,負向,5
2023-09-15,正向,2
2023-09-16,正向,7
2023-09-16,負向,3
2023-09-17,正向,6
2023-09-17,負向,7
2023-09-18,正向,4
2023-09-18,負向,4
2023-09-19,正向,4
2023-09-19,負向,5
2023-09-20,負向,4
2023-09-20,正向,1
2023-09-21,正向,3
2023-09-21,負向,3
2023-09-22,正向,3
2023-09-22,負向,10
2023-09-23,正向,2
2023-09-23,負向,3
2023-09-24,正向,5
2023-09-24,負向,4
2023-09-25,正向,4
2023-09-25,負向,2
2023-09-26,負向,4
2023-09-26,正向,2
2023-09-27,負向,8
2023-09-27,正向,3
2023-09-28,正向,3
2023-09-28,負向,2
2023-09-29,正向,1
2023-09-29,負向,1
2023-09-30,正向,4
2023-09-30,負向,8
2023-10-01,正向,6
2023-10-01,負向,7
2023-10-02,負向,1
2023-10-02,正向,4
2023-10-03,正向,4
2023-10-03,負向,4
2023-10-04,正向,9
2023-10-04,負向,6
2023-10-05,正向,2
2023-10-05,負向,7
2023-10-06,正向,2
2023-10-06,負向,15
2023-10-07,負向,12
2023-10-07,正向,3
2023-10-08,正向,3
2023-10-08,負向,3
2023-10-09,正向,4
2023-10-09,負向,4
2023-10-10,正向,1
2023-10-10,負向,5
2023-10-11,負向,3
2023-10-12,負向,5
2023-10-12,正向,3
2023-10-13,負向,1
2023-10-13,正向,1
2023-10-14,負向,1
2023-10-15,正向,2
2023-10-15,負向,1
2023-10-16,正向,2
2023-10-16,負向,5
2023-10-17,正向,4
2023-10-17,負向,4
2023-10-18,正向,2
2023-10-18,負向,4
2023-10-19,負向,6
2023-10-19,正向,2
2023-10-20,正向,2
2023-10-20,負向,2
2023-10-21,正向,5
2023-10-21,負向,4
2023-10-22,正向,6
2023-10-22,負向,4
2023-10-23,負向,7
2023-10-24,正向,2
2023-10-25,負向,2
2023-10-25,正向,1
2023-10-26,負向,4
2023-10-27,正向,2
2023-10-27,負向,1
2023-10-28,正向,3
2023-10-28,負向,3
2023-10-29,正向,2
2023-10-29,負向,3
2023-10-30,正向,1
2023-10-30,負向,2
2023-10-31,負向,2
2023-10-31,正向,3
2023-11-01,正向,7
2023-11-01,負向,14
2023-11-02,正向,3
2023-11-02,負向,7
2023-11-03,正向,3
2023-11-03,負向,6
2023-11-04,負向,2
2023-11-05,負向,2
2023-11-06,負向,6
2023-11-07,正向,3
2023-11-07,負向,1
2023-11-08,正向,4
2023-11-08,負向,4
2023-11-09,正向,3
2023-11-09,負向,2
2023-11-10,正向,1
2023-11-10,負向,4
2023-11-11,負向,1
2023-11-11,正向,3
2023-11-12,負向,3
2023-11-12,正向,2
2023-11-13,正向,7
2023-11-13,負向,3
2023-11-14,正向,1
2023-11-14,負向,4
2023-11-15,正向,1
2023-11-15,負向,1
2023-11-16,正向,1
2023-11-16,負向,6
2023-11-17,正向,1
2023-11-17,負向,3
2023-11-18,負向,2
2023-11-19,負向,1
2023-11-20,正向,3
2023-11-20,負向,2
2023-11-21,正向,2
2023-11-21,負向,2
2023-11-22,正向,5
2023-11-22,負向,15
2023-11-23,正向,4
2023-11-23,負向,3
2023-11-24,負向,1
2023-11-24,正向,1
2023-11-25,正向,3
2023-11-25,負向,2
2023-11-26,負向,3
2023-11-27,負向,2
2023-11-28,正向,1
2023-11-28,負向,4
2023-11-29,正向,2
2023-11-29,負向,5
2023-11-30,負向,3
2023-11-30,正向,1
2023-12-01,正向,4
2023-12-01,負向,2
2023-12-02,正向,2
2023-12-02,負向,4
2023-12-03,正向,2
2023-12-03,負向,7
2023-12-04,負向,3
2023-12-04,正向,3
2023-12-05,負向,2
2023-12-05,正向,2
2023-12-06,正向,4
2023-12-06,負向,5
2023-12-07,正向,1
2023-12-07,負向,4
2023-12-09,正向,2
2023-12-09,負向,5
2023-12-10,正向,1
2023-12-10,負向,3
2023-12-11,負向,2
2023-12-11,正向,3
2023-12-12,正向,3
2023-12-12,負向,1
2023-12-13,正向,4
2023-12-13,負向,2
2023-12-14,負向,3
2023-12-15,正向,1
2023-12-15,負向,4
2023-12-16,負向,5
2023-12-16,正向,3
2023-12-17,負向,5
2023-12-17,正向,1
2023-12-18,正向,2
2023-12-18,負向,5
2023-12-19,負向,3
2023-12-20,正向,2
2023-12-21,正向,1
2023-12-21,負向,2
2023-12-22,正向,6
2023-12-23,負向,1
2023-12-23,正向,1
2023-12-24,正向,3
2023-12-24,負向,3
2023-12-25,正向,1
2023-12-25,負向,3
2023-12-26,正向,5
2023-12-26,負向,6
2023-12-27,負向,5
2023-12-27,正向,9
2023-12-28,負向,5
2023-12-28,正向,3
2023-12-29,正向,3
2023-12-29,負向,5
2023-12-30,正向,3
2023-12-30,負向,3
2023-12-31,正向,1
2023-12-31,負向,2
2024-01-01,正向,5
2024-01-01,負向,5
2024-01-02,負向,3
2024-01-02,正向,1
2024-01-03,正向,2
2024-01-03,負向,2
2024-01-04,正向,3
2024-01-04,負向,3
2024-01-05,正向,2
2024-01-05,負向,5
2024-01-06,正向,4
2024-01-06,負向,3
2024-01-07,正向,1
2024-01-07,負向,4
2024-01-08,負向,6
2024-01-09,負向,5
2024-01-10,正向,1
2024-01-10,負向,2
2024-01-11,正向,4
2024-01-11,負向,4
2024-01-12,正向,2
2024-01-12,負向,5
2024-01-13,正向,1
2024-01-13,負向,2
2024-01-14,負向,9
2024-01-14,正向,7
2024-01-15,正向,4
2024-01-15,負向,5
2024-01-16,正向,6
2024-01-16,負向,26
2024-01-17,正向,18
2024-01-17,負向,36
2024-01-18,正向,9
2024-01-18,負向,13
2024-01-19,負向,25
2024-01-19,正向,11
2024-01-20,正向,11
2024-01-20,負向,27
2024-01-21,正向,13
2024-01-21,負向,24
2024-01-22,正向,7
2024-01-22,負向,19
2024-01-23,正向,6
2024-01-23,負向,11
2024-01-24,負向,6
2024-01-24,正向,4
2024-01-25,正向,5
2024-01-25,負向,10
2024-01-26,正向,2
2024-01-26,負向,2
2024-01-27,正向,2
2024-01-27,負向,2
2024-01-28,正向,4
2024-01-28,負向,2
2024-01-29,負向,5
2024-01-29,正向,3
2024-01-30,正向,5
2024-01-30,負向,7
2024-01-31,正向,3
2024-01-31,負向,3
2024-02-01,正向,1
2024-02-01,負向,1
2024-02-02,負向,1
2024-02-02,正向,1
2024-02-03,正向,1
2024-02-04,正向,1
2024-02-04,負向,5
2024-02-05,正向,2
2024-02-05,負向,4
2024-02-06,正向,11
2024-02-06,負向,7
2024-02-07,正向,1
2024-02-07,負向,6
2024-02-08,正向,4
2024-02-08,負向,4
2024-02-09,正向,4
2024-02-10,正向,3
2024-02-10,負向,3
2024-02-11,正向,4
2024-02-11,負向,1
2024-02-12,正向,1
2024-02-12,負向,2
2024-02-13,正向,2
2024-02-13,負向,3
2024-02-14,負向,1
2024-02-14,正向,2
2024-02-15,正向,2
2024-02-15,負向,2
2024-02-16,正向,3
2024-02-16,負向,3
2024-02-17,正向,1
2024-02-17,負向,1
2024-02-18,負向,2
2024-02-19,負向,35
2024-02-19,正向,18
2024-02-20,負向,55
2024-02-20,正向,33
2024-02-21,正向,21
2024-02-21,負向,36
2024-02-22,正向,5
2024-02-22,負向,15
2024-02-23,正向,7
2024-02-23,負向,18
2024-02-24,正向,4
2024-02-24,負向,4
2024-02-25,負向,5
2024-02-25,正向,1
2024-02-26,正向,6
2024-02-26,負向,6
2024-02-27,正向,7
2024-02-27,負向,6
2024-02-28,正向,2
2024-02-28,負向,8
2024-02-29,正向,2
2024-02-29,負向,7
2024-03-01,負向,14
2024-03-01,正向,7
2024-03-02,正向,4
2024-03-02,負向,3
2024-03-03,正向,2
2024-03-03,負向,9
2024-03-04,正向,15
2024-03-04,負向,13
2024-03-05,正向,9
2024-03-05,負向,27
2024-03-06,負向,31
2024-03-06,正向,14
2024-03-07,正向,8
2024-03-07,負向,25
2024-03-08,正向,9
2024-03-08,負向,13
2024-03-09,正向,12
2024-03-09,負向,13
2024-03-10,正向,5
2024-03-10,負向,4
2024-03-11,負向,22
2024-03-11,正向,16
2024-03-12,正向,2
2024-03-12,負向,11
2024-03-13,正向,8
2024-03-13,負向,6
2024-03-14,正向,5
2024-03-14,負向,7
2024-03-15,正向,4
2024-03-15,負向,14
2024-03-16,負向,6
2024-03-16,正向,3
2024-03-17,正向,33
2024-03-17,負向,54
2024-03-18,正向,16
2024-03-18,負向,43
2024-03-19,正向,5
2024-03-19,負向,15
2024-03-20,正向,15
2024-03-20,負向,16
2024-03-21,正向,13
2024-03-21,負向,30
